25/08/2021 09:00,Chesterfield,Richard Copeland,"Regular Flavoured iced latte - Hazelnut - 2.75, Large Latte - 2.45",5.2,CARD,5494173772652516
25/08/2021 09:02,Chesterfield,Scott Owens,"Large Flavoured iced latte - Caramel - 3.25, Regular Flavoured iced latte - Hazelnut - 2.75, Regular Flavoured iced latte - Caramel - 2.75, Large Flavoured iced latte - Hazelnut - 3.25, Regular Flavoured latte - Hazelnut - 2.55, Regular Flavoured iced latte - Hazelnut - 2.75",17.3,CARD,6844802140812058
25/08/2021 09:04,Chesterfield,Francis Strayhorn,"Large Flat white - 2.45, Regular Latte - 2.15",4.6,CARD,9557104128182483
25/08/2021 09:06,Chesterfield,Rodney Drake,"Regular Flavoured latte - Hazelnut - 2.55, Large Latte - 2.45",5.0,CARD,2978328181139200
25/08/2021 09:08,Chesterfield,Michael Sparrow,"Regular Latte - 2.15, Large Latte - 2.45",4.6,CASH,
25/08/2021 09:10,Chesterfield,Thomas Register,"Large Flavoured iced latte - Caramel - 3.25, Regular Flat white - 2.15, Regular Latte - 2.15, Large Flavoured iced latte - Hazelnut - 3.25, Regular Flat white - 2.15",12.95,CASH,
25/08/2021 09:12,Chesterfield,James Petrick,"Large Flavoured latte - Hazelnut - 2.85, Regular Flavoured iced latte - Vanilla - 2.75, Large Flavoured iced latte - Hazelnut - 3.25, Large Flavoured latte - Hazelnut - 2.85, Large Flavoured iced latte - Vanilla - 3.25, Large Latte - 2.45",17.4,CARD,5309043196155793
25/08/2021 09:14,Chesterfield,Ronald Hagy,"Regular Flavoured iced latte - Vanilla - 2.75, Regular Flavoured iced latte - Vanilla - 2.75, Large Latte - 2.45, Large Flavoured latte - Hazelnut - 2.85, Regular Flavoured iced latte - Hazelnut - 2.75",13.55,CARD,1166596230622281
25/08/2021 09:17,Chesterfield,Lashawn Fant,"Regular Flavoured iced latte - Caramel - 2.75, Large Latte - 2.45, Regular Latte - 2.15, Large Latte - 2.45, Regular Flavoured iced latte - Caramel - 2.75",12.55,CARD,8790558408553080
25/08/2021 09:19,Chesterfield,James Folsom,"Large Flat white - 2.45, Large Flavoured latte - Hazelnut - 2.85",5.3,CARD,8722919802559202
25/08/2021 09:21,Chesterfield,Tina Burke,"Regular Flavoured iced latte - Vanilla - 2.75, Large Flavoured latte - Hazelnut - 2.85, Large Flavoured latte - Hazelnut - 2.85, Large Latte - 2.45, Regular Flat white - 2.15",13.05,CASH,
25/08/2021 09:23,Chesterfield,Robyn Baker,Regular Latte - 2.15,2.15,CARD,4284401097585380
25/08/2021 09:25,Chesterfield,Leonard Saari,"Large Flat white - 2.45, Large Latte - 2.45, Large Flavoured latte - Hazelnut - 2.85, Regular Flavoured latte - Hazelnut - 2.55",10.3,CARD,4819037257071438
25/08/2021 09:27,Chesterfield,Eleanor Schreyer,"Regular Flavoured iced latte - Vanilla - 2.75, Regular Flavoured iced latte - Caramel - 2.75, Regular Flavoured iced latte - Vanilla - 2.75, Regular Flat white - 2.15, Regular Flat white - 2.15",12.55,CARD,3813596725308974
25/08/2021 09:29,Chesterfield,Heather Patel,"Regular Flavoured iced latte - Caramel - 2.75, Regular Flavoured iced latte - Hazelnut - 2.75, Regular Flat white - 2.15",7.65,CARD,2751738614086036
25/08/2021 09:32,Chesterfield,Lucinda Hutchings,"Large Flat white - 2.45, Large Flavoured iced latte - Hazelnut - 3.25",5.7,CARD,5739796916878586
25/08/2021 09:34,Chesterfield,Brenda Park,Regular Latte - 2.15,2.15,CASH,
25/08/2021 09:36,Chesterfield,Francis Koenen,"Regular Flavoured latte - Hazelnut - 2.55, Large Flavoured iced latte - Vanilla - 3.25, Regular Flat white - 2.15, Large Flat white - 2.45, Regular Flat white - 2.15",12.55,CASH,
25/08/2021 09:38,Chesterfield,Viola Blanco,"Large Flavoured iced latte - Caramel - 3.25, Regular Flavoured iced latte - Hazelnut - 2.75",6.0,CASH,
25/08/2021 09:40,Chesterfield,David Anna,"Regular Flavoured latte - Hazelnut - 2.55, Large Flavoured latte - Hazelnut - 2.85, Large Latte - 2.45, Large Flavoured latte - Hazelnut - 2.85",10.7,CASH,
25/08/2021 09:42,Chesterfield,Carol Sutton,"Regular Flavoured iced latte - Hazelnut - 2.75, Regular Latte - 2.15",4.9,CARD,7071316596754177
25/08/2021 09:44,Chesterfield,Charlotte Ames,"Regular Flat white - 2.15, Regular Flavoured iced latte - Hazelnut - 2.75",4.9,CARD,5944424224738186
25/08/2021 09:46,Chesterfield,William Alberding,"Large Flavoured latte - Hazelnut - 2.85, Regular Flat white - 2.15, Large Latte - 2.45",7.45,CARD,1868033783180050
25/08/2021 09:49,Chesterfield,Audie King,"Regular Flavoured iced latte - Vanilla - 2.75, Large Flavoured latte - Hazelnut - 2.85, Large Flavoured latte - Hazelnut - 2.85",8.45,CARD,2079081656201265
25/08/2021 09:51,Chesterfield,Thomas Carl,Regular Latte - 2.15,2.15,CARD,1979954668514674
25/08/2021 09:53,Chesterfield,Susan Vinyard,"Regular Flat white - 2.15, Large Latte - 2.45, Regular Flat white - 2.15",6.75,CASH,
25/08/2021 09:55,Chesterfield,Abraham Brantley,"Large Flat white - 2.45, Large Flavoured iced latte - Caramel - 3.25",5.7,CARD,8010139668453595
25/08/2021 09:57,Chesterfield,Benjamin Asquith,"Large Flat white - 2.45, Regular Flavoured iced latte - Vanilla - 2.75, Large Latte - 2.45, Regular Latte - 2.15, Large Flavoured iced latte - Caramel - 3.25, Regular Latte - 2.15",15.2,CARD,4797344809392910
25/08/2021 09:59,Chesterfield,Ann Lane,"Regular Flavoured iced latte - Caramel - 2.75, Large Flat white - 2.45, Large Flavoured latte - Hazelnut - 2.85, Regular Latte - 2.15, Large Flavoured latte - Hazelnut - 2.85, Large Flavoured latte - Hazelnut - 2.85",15.9,CASH,
25/08/2021 10:01,Chesterfield,Bradley Maynard,"Large Flat white - 2.45, Regular Flat white - 2.15, Regular Flat white - 2.15",6.75,CARD,4681963607141220
25/08/2021 10:02,Chesterfield,Diane Hunter,"Regular Flat white - 2.15, Regular Flavoured iced latte - Vanilla - 2.75, Regular Flavoured iced latte - Hazelnut - 2.75, Large Flavoured iced latte - Caramel - 3.25, Large Flavoured latte - Hazelnut - 2.85, Regular Flat white - 2.15",15.9,CARD,8946278855936834
25/08/2021 10:03,Chesterfield,Sandra Stanislawski,"Large Flavoured iced latte - Hazelnut - 3.25, Large Flavoured iced latte - Hazelnut - 3.25",6.5,CASH,
25/08/2021 10:04,Chesterfield,Anita Johnson,"Regular Flavoured latte - Hazelnut - 2.55, Large Flavoured iced latte - Caramel - 3.25, Regular Flavoured iced latte - Hazelnut - 2.75, Regular Latte - 2.15, Regular Flavoured iced latte - Hazelnut - 2.75, Regular Flat white - 2.15",15.6,CASH,
25/08/2021 10:05,Chesterfield,Glenn Barreto,"Regular Flavoured iced latte - Vanilla - 2.75, Regular Latte - 2.15, Regular Flavoured iced latte - Caramel - 2.75",7.65,CARD,5824939110069634
25/08/2021 10:06,Chesterfield,Candy Polcovich,"Large Latte - 2.45, Large Flavoured iced latte - Vanilla - 3.25, Large Flavoured iced latte - Hazelnut - 3.25",8.95,CARD,6695115797284120
25/08/2021 10:07,Chesterfield,Jeffery Coen,"Large Flavoured iced latte - Vanilla - 3.25, Regular Flavoured latte - Hazelnut - 2.55, Regular Flavoured iced latte - Hazelnut - 2.75",8.55,CARD,5540161860517772
25/08/2021 10:08,Chesterfield,Carolyn Walraven,"Large Flat white - 2.45, Regular Flat white - 2.15, Large Latte - 2.45, Regular Flavoured iced latte - Hazelnut - 2.75",9.8,CARD,3794741301153029
25/08/2021 10:09,Chesterfield,Linda Corella,"Regular Flavoured iced latte - Vanilla - 2.75, Regular Flavoured iced latte - Vanilla - 2.75",5.5,CARD,7507487909772622
25/08/2021 10:10,Chesterfield,James Bernat,"Large Flavoured iced latte - Caramel - 3.25, Regular Flat white - 2.15",5.4,CASH,
25/08/2021 10:11,Chesterfield,Donald Wilson,Regular Flavoured iced latte - Caramel - 2.75,2.75,CARD,9192463810678210
25/08/2021 10:12,Chesterfield,Harriet Keller,"Large Flavoured iced latte - Hazelnut - 3.25, Large Flavoured iced latte - Hazelnut - 3.25, Regular Flavoured iced latte - Hazelnut - 2.75, Large Flavoured iced latte - Caramel - 3.25",12.5,CARD,2533969787271217
25/08/2021 10:13,Chesterfield,Jessica Heath,"Regular Latte - 2.15, Large Flavoured iced latte - Vanilla - 3.25",5.4,CASH,
25/08/2021 10:14,Chesterfield,Brian Pagano,"Regular Flavoured iced latte - Hazelnut - 2.75, Large Latte - 2.45",5.2,CARD,4659802253815677
25/08/2021 10:15,Chesterfield,Brett Gambino,"Large Latte - 2.45, Large Flavoured latte - Hazelnut - 2.85",5.3,CARD,7488697733607874
25/08/2021 10:16,Chesterfield,Jill Jackson,"Regular Flavoured iced latte - Caramel - 2.75, Large Flavoured latte - Hazelnut - 2.85, Regular Flat white - 2.15",7.75,CASH,
25/08/2021 10:17,Chesterfield,Kate Johnson,"Large Flavoured iced latte - Hazelnut - 3.25, Regular Flavoured iced latte - Vanilla - 2.75, Regular Flavoured iced latte - Hazelnut - 2.75, Large Flavoured latte - Hazelnut - 2.85",11.6,CASH,
25/08/2021 10:18,Chesterfield,Ralph Reed,"Regular Flavoured iced latte - Hazelnut - 2.75, Regular Latte - 2.15, Large Flavoured latte - Hazelnut - 2.85",7.75,CARD,4816246893705392
25/08/2021 10:19,Chesterfield,Ruth Mitchell,"Large Flavoured iced latte - Caramel - 3.25, Large Flavoured iced latte - Vanilla - 3.25",6.5,CASH,
25/08/2021 10:20,Chesterfield,Nathaniel Mannings,"Large Latte - 2.45, Large Flat white - 2.45, Regular Flavoured iced latte - Caramel - 2.75, Regular Flavoured latte - Hazelnut - 2.55",10.2,CASH,
25/08/2021 10:21,Chesterfield,Paul Peters,Large Flavoured iced latte - Hazelnut - 3.25,3.25,CASH,
25/08/2021 10:22,Chesterfield,Latanya Gallardo,"Large Flat white - 2.45, Large Flavoured latte - Hazelnut - 2.85, Large Latte - 2.45",7.75,CARD,1540181475032314
25/08/2021 10:23,Chesterfield,Larry Watkins,"Large Flavoured iced latte - Hazelnut - 3.25, Regular Flavoured latte - Hazelnut - 2.55, Regular Flavoured iced latte - Caramel - 2.75, Large Flavoured latte - Hazelnut - 2.85, Regular Flavoured iced latte - Caramel - 2.75",14.15,CASH,
25/08/2021 10:24,Chesterfield,Nancy James,"Regular Flavoured iced latte - Caramel - 2.75, Regular Flat white - 2.15",4.9,CARD,5022266229070435
25/08/2021 10:25,Chesterfield,Eileen Southwell,"Regular Flavoured iced latte - Caramel - 2.75, Regular Latte - 2.15, Regular Latte - 2.15, Large Latte - 2.45",9.5,CARD,4495822945393031
25/08/2021 10:26,Chesterfield,Tracy Pestana,"Large Flat white - 2.45, Regular Flavoured latte - Hazelnut - 2.55, Regular Latte - 2.15, Regular Flavoured iced latte - Vanilla - 2.75",9.9,CARD,9982950495281214
25/08/2021 10:27,Chesterfield,Annie Davis,Large Flavoured latte - Hazelnut - 2.85,2.85,CARD,6344521574846636
25/08/2021 10:27,Chesterfield,Donald Grant,"Large Flavoured iced latte - Hazelnut - 3.25, Large Flavoured iced latte - Caramel - 3.25",6.5,CARD,8758449462779114
25/08/2021 10:28,Chesterfield,Paul Dean,"Large Flavoured latte - Hazelnut - 2.85, Regular Latte - 2.15",5.0,CASH,
25/08/2021 10:29,Chesterfield,Walter Taylor,Regular Flavoured iced latte - Caramel - 2.75,2.75,CARD,3257568305255210
25/08/2021 10:30,Chesterfield,Leslie Kirk,"Regular Flavoured latte - Hazelnut - 2.55, Large Flavoured iced latte - Vanilla - 3.25",5.8,CARD,1033079679767113
25/08/2021 10:31,Chesterfield,Kent Carriger,"Regular Flat white - 2.15, Regular Flavoured iced latte - Vanilla - 2.75, Large Flavoured iced latte - Hazelnut - 3.25",8.15,CASH,
25/08/2021 10:32,Chesterfield,Marcelo Simmons,Regular Latte - 2.15,2.15,CARD,6182844058565928
25/08/2021 10:33,Chesterfield,Isaac Sun,"Large Latte - 2.45, Regular Flat white - 2.15, Regular Latte - 2.15, Large Flavoured iced latte - Hazelnut - 3.25",10.0,CASH,
25/08/2021 10:34,Chesterfield,Bradley Thompson,"Regular Flat white - 2.15, Large Flavoured latte - Hazelnut - 2.85, Large Flavoured iced latte - Vanilla - 3.25, Large Latte - 2.45",10.7,CARD,4989983143905316
25/08/2021 10:35,Chesterfield,Donald Gresham,"Regular Flat white - 2.15, Regular Flavoured latte - Hazelnut - 2.55, Regular Latte - 2.15",6.85,CARD,3165772397749111
25/08/2021 10:36,Chesterfield,Dawn Potter,"Regular Flavoured iced latte - Caramel - 2.75, Regular Flat white - 2.15, Regular Flavoured latte - Hazelnut - 2.55",7.45,CASH,
25/08/2021 10:37,Chesterfield,Donna Metz,"Regular Flat white - 2.15, Regular Flavoured latte - Hazelnut - 2.55, Large Latte - 2.45",7.15,CARD,5119596440948241
25/08/2021 10:38,Chesterfield,Irma Forbes,"Regular Flavoured latte - Hazelnut - 2.55, Large Flavoured latte - Hazelnut - 2.85, Large Flavoured latte - Hazelnut - 2.85, Regular Flavoured iced latte - Caramel - 2.75",11.0,CARD,8300057156805618
25/08/2021 10:39,Chesterfield,Vicky Rayborn,"Regular Flavoured iced latte - Caramel - 2.75, Large Latte - 2.45, Regular Latte - 2.15, Large Latte - 2.45",9.8,CARD,1122959171116248
25/08/2021 10:40,Chesterfield,John Koenig,"Regular Flavoured iced latte - Vanilla - 2.75, Large Flat white - 2.45, Regular Flavoured iced latte - Hazelnut - 2.75",7.95,CARD,2870471496242245
25/08/2021 10:41,Chesterfield,Ruth Coleman,"Regular Flavoured latte - Hazelnut - 2.55, Large Flavoured iced latte - Caramel - 3.25, Large Flavoured iced latte - Caramel - 3.25",9.05,CASH,
25/08/2021 10:42,Chesterfield,Ralph Sippel,"Regular Flat white - 2.15, Large Flavoured iced latte - Hazelnut - 3.25",5.4,CARD,9440021026638592
25/08/2021 10:43,Chesterfield,Raymond Oliveras,"Regular Flavoured latte - Hazelnut - 2.55, Regular Flavoured iced latte - Vanilla - 2.75, Large Flavoured latte - Hazelnut - 2.85, Large Flavoured latte - Hazelnut - 2.85",11.0,CARD,1711251413159276
25/08/2021 10:44,Chesterfield,Corey Culp,"Large Flavoured iced latte - Caramel - 3.25, Large Flat white - 2.45",5.7,CARD,1306371291788903
25/08/2021 10:45,Chesterfield,Henry Sedgwick,"Large Flavoured iced latte - Vanilla - 3.25, Large Latte - 2.45",5.7,CASH,
25/08/2021 10:46,Chesterfield,Nathan Li,"Regular Flavoured iced latte - Hazelnut - 2.75, Regular Flavoured iced latte - Hazelnut - 2.75, Large Flavoured latte - Hazelnut - 2.85",8.35,CARD,3648254680030729
25/08/2021 10:47,Chesterfield,Glenda Kay,Large Flavoured latte - Hazelnut - 2.85,2.85,CARD,5627948457030299
25/08/2021 10:48,Chesterfield,Alberta Patterson,Large Flavoured iced latte - Vanilla - 3.25,3.25,CASH,
25/08/2021 10:49,Chesterfield,Michael Morita,"Large Flavoured latte - Hazelnut - 2.85, Regular Latte - 2.15, Large Flavoured iced latte - Hazelnut - 3.25",8.25,CARD,7768893046965408
25/08/2021 10:50,Chesterfield,Christopher Garcia,"Large Flavoured iced latte - Hazelnut - 3.25, Regular Latte - 2.15, Regular Flat white - 2.15, Regular Flavoured iced latte - Caramel - 2.75, Large Flat white - 2.45, Large Flavoured iced latte - Hazelnut - 3.25",16.0,CARD,5607664110752102
25/08/2021 10:51,Chesterfield,Paula Grein,Large Flavoured iced latte - Caramel - 3.25,3.25,CARD,2047828799313251
25/08/2021 10:52,Chesterfield,Michael Brice,"Regular Flavoured iced latte - Hazelnut - 2.75, Regular Latte - 2.15, Regular Flavoured iced latte - Hazelnut - 2.75, Large Flat white - 2.45",10.1,CASH,
25/08/2021 10:53,Chesterfield,Lillian Mclarney,"Large Flat white - 2.45, Large Flavoured iced latte - Vanilla - 3.25, Regular Flavoured iced latte - Hazelnut - 2.75, Large Flavoured latte - Hazelnut - 2.85",11.3,CARD,4384939029595501
25/08/2021 10:54,Chesterfield,Julius Meredith,"Large Flat white - 2.45, Large Flavoured iced latte - Hazelnut - 3.25",5.7,CARD,7052197684557619
25/08/2021 10:55,Chesterfield,Dana Wright,"Regular Flat white - 2.15, Regular Latte - 2.15, Large Flavoured latte - Hazelnut - 2.85, Regular Flavoured iced latte - Caramel - 2.75, Large Flavoured iced latte - Caramel - 3.25",13.15,CARD,6083529347037922
25/08/2021 10:56,Chesterfield,Frankie Ivy,"Large Flavoured iced latte - Caramel - 3.25, Regular Latte - 2.15, Large Latte - 2.45, Regular Flat white - 2.15, Regular Flavoured iced latte - Hazelnut - 2.75, Regular Flavoured latte - Hazelnut - 2.55",15.3,CASH,
25/08/2021 10:56,Chesterfield,Clifford Vichidvongsa,"Large Flavoured iced latte - Hazelnut - 3.25, Regular Flat white - 2.15, Regular Latte - 2.15",7.55,CARD,6708760881396604
25/08/2021 10:57,Chesterfield,Justin Adkins,"Large Flavoured iced latte - Caramel - 3.25, Regular Flavoured iced latte - Hazelnut - 2.75, Regular Flat white - 2.15, Regular Flavoured iced latte - Hazelnut - 2.75, Large Flavoured iced latte - Hazelnut - 3.25, Regular Flat white - 2.15",16.3,CARD,5468199414269508
25/08/2021 10:58,Chesterfield,Melanie Acker,"Large Latte - 2.45, Large Flavoured iced latte - Caramel - 3.25",5.7,CASH,
25/08/2021 10:59,Chesterfield,Gregory Cumiskey,"Regular Flat white - 2.15, Regular Flavoured iced latte - Hazelnut - 2.75, Large Flavoured iced latte - Hazelnut - 3.25, Regular Flavoured iced latte - Hazelnut - 2.75",10.9,CASH,
25/08/2021 11:00,Chesterfield,Thomas Moore,"Large Flavoured iced latte - Caramel - 3.25, Large Flat white - 2.45, Large Latte - 2.45",8.15,CARD,6183486734228071
25/08/2021 11:03,Chesterfield,Patricia Salas,Large Flat white - 2.45,2.45,CARD,3588949975835307
25/08/2021 11:06,Chesterfield,Heather Peterson,"Regular Latte - 2.15, Regular Flat white - 2.15, Regular Flavoured latte - Hazelnut - 2.55, Regular Flavoured iced latte - Vanilla - 2.75, Large Flat white - 2.45",12.05,CASH,
25/08/2021 11:08,Chesterfield,Angela Johnson,Large Latte - 2.45,2.45,CARD,4034572784059310
25/08/2021 11:11,Chesterfield,Leana Zerhusen,"Large Latte - 2.45, Large Flavoured iced latte - Caramel - 3.25, Regular Flavoured iced latte - Hazelnut - 2.75",8.45,CASH,
25/08/2021 11:13,Chesterfield,Patti Cyr,"Regular Flavoured iced latte - Hazelnut - 2.75, Regular Flavoured iced latte - Hazelnut - 2.75, Regular Flavoured iced latte - Caramel - 2.75, Regular Latte - 2.15, Large Flat white - 2.45, Large Flavoured iced latte - Caramel - 3.25",16.1,CARD,5721093912380090
25/08/2021 11:16,Chesterfield,James Clyatt,"Large Flavoured iced latte - Caramel - 3.25, Regular Flavoured latte - Hazelnut - 2.55, Regular Flavoured iced latte - Caramel - 2.75",8.55,CARD,5851067915633697
25/08/2021 11:19,Chesterfield,Jeffery Long,"Regular Flavoured latte - Hazelnut - 2.55, Regular Flavoured iced latte - Caramel - 2.75, Large Flavoured latte - Hazelnut - 2.85",8.15,CASH,
25/08/2021 11:21,Chesterfield,Robert Nichols,"Regular Flavoured iced latte - Vanilla - 2.75, Large Latte - 2.45, Large Flavoured latte - Hazelnut - 2.85, Large Latte - 2.45",10.5,CASH,
25/08/2021 11:24,Chesterfield,Dewey Crandall,"Large Flavoured latte - Hazelnut - 2.85, Regular Flavoured iced latte - Caramel - 2.75, Large Latte - 2.45, Large Flavoured latte - Hazelnut - 2.85, Regular Flat white - 2.15",13.05,CARD,3357200862087042
25/08/2021 11:26,Chesterfield,Debra Roth,"Regular Flavoured iced latte - Hazelnut - 2.75, Regular Flavoured latte - Hazelnut - 2.55",5.3,CASH,
25/08/2021 11:29,Chesterfield,Robyn Mcfadden,Large Latte - 2.45,2.45,CARD,3005386842191216
25/08/2021 11:32,Chesterfield,Lawrence Davis,"Large Flat white - 2.45, Large Flavoured iced latte - Vanilla - 3.25, Regular Flavoured iced latte - Vanilla - 2.75, Large Latte - 2.45, Large Latte - 2.45",13.35,CASH,
25/08/2021 11:34,Chesterfield,Pamela Perez,Regular Flavoured iced latte - Caramel - 2.75,2.75,CARD,5845350383200391
25/08/2021 11:37,Chesterfield,Barry Frase,"Large Flavoured iced latte - Caramel - 3.25, Regular Flavoured latte - Hazelnut - 2.55, Large Latte - 2.45",8.25,CASH,
25/08/2021 11:39,Chesterfield,Rhonda Smith,"Large Flavoured iced latte - Caramel - 3.25, Regular Flavoured latte - Hazelnut - 2.55, Large Flavoured iced latte - Caramel - 3.25, Large Latte - 2.45, Large Flavoured latte - Hazelnut - 2.85",14.35,CARD,9209841840969693
25/08/2021 11:42,Chesterfield,Ryan Ramirez,Large Latte - 2.45,2.45,CASH,
25/08/2021 11:45,Chesterfield,Isabel Greene,Large Flavoured iced latte - Caramel - 3.25,3.25,CARD,6859215193020987
25/08/2021 11:47,Chesterfield,Dennis Duque,Regular Flavoured iced latte - Caramel - 2.75,2.75,CASH,
25/08/2021 11:50,Chesterfield,Pauline Baker,Regular Latte - 2.15,2.15,CARD,9071322703654705
25/08/2021 11:52,Chesterfield,Corey Alcantara,"Large Latte - 2.45, Large Flavoured latte - Hazelnut - 2.85",5.3,CARD,1300247141634284
25/08/2021 11:55,Chesterfield,Travis Boykins,"Large Flat white - 2.45, Large Latte - 2.45, Large Flavoured latte - Hazelnut - 2.85, Large Flavoured iced latte - Vanilla - 3.25, Large Flavoured iced latte - Vanilla - 3.25",14.25,CARD,4907467261068059
25/08/2021 11:58,Chesterfield,Hilda Jones,"Regular Flavoured iced latte - Vanilla - 2.75, Regular Flavoured iced latte - Vanilla - 2.75, Regular Flat white - 2.15, Regular Flat white - 2.15",9.8,CARD,5006059570831155
25/08/2021 12:00,Chesterfield,Michael Bonebright,"Large Flavoured iced latte - Vanilla - 3.25, Large Flavoured iced latte - Caramel - 3.25",6.5,CARD,6050739238014847
25/08/2021 12:05,Chesterfield,Wendy Ching,"Regular Flavoured iced latte - Hazelnut - 2.75, Large Flat white - 2.45, Regular Flavoured iced latte - Caramel - 2.75, Regular Flavoured iced latte - Hazelnut - 2.75, Regular Flavoured iced latte - Caramel - 2.75",13.45,CARD,2127480294133630
25/08/2021 12:09,Chesterfield,James Patton,Large Latte - 2.45,2.45,CARD,4090848197683036
25/08/2021 12:14,Chesterfield,Lula Woods,"Large Flavoured iced latte - Hazelnut - 3.25, Large Flavoured latte - Hazelnut - 2.85",6.1,CARD,4029814954291436
25/08/2021 12:19,Chesterfield,Sharon Edwards,"Regular Flavoured iced latte - Caramel - 2.75, Large Flavoured iced latte - Caramel - 3.25, Large Flavoured iced latte - Caramel - 3.25, Regular Flavoured iced latte - Caramel - 2.75, Regular Flavoured iced latte - Hazelnut - 2.75",14.75,CASH,
25/08/2021 12:23,Chesterfield,John Mccullough,"Large Flavoured iced latte - Caramel - 3.25, Large Latte - 2.45, Regular Flavoured iced latte - Hazelnut - 2.75",8.45,CASH,
25/08/2021 12:28,Chesterfield,Timothy Madison,"Large Flavoured iced latte - Hazelnut - 3.25, Regular Latte - 2.15, Regular Flavoured iced latte - Hazelnut - 2.75, Regular Flat white - 2.15, Regular Flavoured iced latte - Hazelnut - 2.75",13.05,CARD,7415146098159273
25/08/2021 12:32,Chesterfield,Michael Jackson,"Large Latte - 2.45, Regular Flavoured iced latte - Hazelnut - 2.75",5.2,CARD,3094643504015977
25/08/2021 12:37,Chesterfield,Ralph Crocker,"Regular Flavoured latte - Hazelnut - 2.55, Large Flavoured iced latte - Caramel - 3.25, Regular Latte - 2.15",7.95,CASH,
25/08/2021 12:42,Chesterfield,Craig Magness,"Large Flat white - 2.45, Regular Flavoured latte - Hazelnut - 2.55, Large Latte - 2.45, Large Flavoured iced latte - Hazelnut - 3.25",10.7,CARD,4311192964521477
25/08/2021 12:46,Chesterfield,Sally Siple,"Large Flavoured iced latte - Caramel - 3.25, Regular Flat white - 2.15, Large Flavoured iced latte - Caramel - 3.25",8.65,CARD,4497560237088572
25/08/2021 12:51,Chesterfield,Juana Guerrero,"Regular Latte - 2.15, Large Flat white - 2.45, Large Flavoured iced latte - Vanilla - 3.25, Large Latte - 2.45, Regular Flavoured latte - Hazelnut - 2.55",12.85,CARD,3963464144816228
25/08/2021 12:55,Chesterfield,Leonel Malone,"Large Flavoured iced latte - Vanilla - 3.25, Regular Flavoured latte - Hazelnut - 2.55, Large Flavoured iced latte - Caramel - 3.25",9.05,CARD,7904415677199075
25/08/2021 13:00,Chesterfield,Gregory Archer,"Regular Latte - 2.15, Regular Flavoured iced latte - Vanilla - 2.75, Regular Latte - 2.15",7.05,CARD,8917885439575337
25/08/2021 13:02,Chesterfield,Florence Kolb,Regular Flavoured iced latte - Vanilla - 2.75,2.75,CARD,3714814045565927
25/08/2021 13:04,Chesterfield,Louise Cottrell,"Regular Flavoured iced latte - Caramel - 2.75, Regular Flat white - 2.15",4.9,CARD,8065696381332688
25/08/2021 13:06,Chesterfield,Norma Chase,"Large Latte - 2.45, Large Latte - 2.45, Regular Flat white - 2.15, Regular Flavoured iced latte - Hazelnut - 2.75",9.8,CARD,8220946465265345
25/08/2021 13:08,Chesterfield,Dorothy Fillers,"Large Flavoured latte - Hazelnut - 2.85, Large Latte - 2.45",5.3,CARD,8460724084967456
25/08/2021 13:10,Chesterfield,Ida Trujillo,Regular Flavoured iced latte - Vanilla - 2.75,2.75,CARD,9376130723627107
25/08/2021 13:12,Chesterfield,Cody Martinez,"Large Latte - 2.45, Large Flavoured iced latte - Vanilla - 3.25, Regular Latte - 2.15",7.85,CASH,
25/08/2021 13:15,Chesterfield,Alma Delung,Regular Flavoured iced latte - Caramel - 2.75,2.75,CASH,
25/08/2021 13:17,Chesterfield,Eugene Langel,"Large Flavoured iced latte - Hazelnut - 3.25, Large Flavoured latte - Hazelnut - 2.85, Large Latte - 2.45",8.55,CARD,1347333456996293
25/08/2021 13:19,Chesterfield,Betty Rodriguez,"Large Latte - 2.45, Large Flat white - 2.45",4.9,CASH,
25/08/2021 13:21,Chesterfield,Stanley Robinson,"Regular Flavoured iced latte - Vanilla - 2.75, Regular Flavoured iced latte - Caramel - 2.75, Large Flavoured iced latte - Hazelnut - 3.25, Large Flavoured latte - Hazelnut - 2.85",11.6,CASH,
25/08/2021 13:23,Chesterfield,Arthur Young,"Large Flat white - 2.45, Regular Flavoured iced latte - Vanilla - 2.75",5.2,CARD,1379867388653945
25/08/2021 13:25,Chesterfield,Margaret Higgins,"Large Flavoured iced latte - Vanilla - 3.25, Regular Flat white - 2.15, Regular Flavoured iced latte - Caramel - 2.75, Regular Flat white - 2.15, Large Flavoured latte - Hazelnut - 2.85",13.15,CARD,5126480936626881
25/08/2021 13:27,Chesterfield,Richard Starch,"Regular Flavoured iced latte - Vanilla - 2.75, Large Latte - 2.45, Large Flavoured iced latte - Caramel - 3.25, Regular Flat white - 2.15, Large Flavoured iced latte - Vanilla - 3.25",13.85,CASH,
25/08/2021 13:29,Chesterfield,Myra Mccarthy,"Regular Latte - 2.15, Regular Flat white - 2.15, Regular Flavoured iced latte - Vanilla - 2.75",7.05,CARD,9758386193852626
25/08/2021 13:31,Chesterfield,John Lopez,"Regular Flat white - 2.15, Large Flavoured iced latte - Vanilla - 3.25, Regular Flavoured latte - Hazelnut - 2.55",7.95,CASH,
25/08/2021 13:33,Chesterfield,Barbara Kaiser,"Large Flat white - 2.45, Large Flavoured iced latte - Caramel - 3.25, Regular Flavoured iced latte - Hazelnut - 2.75",8.45,CARD,3681154553033927
25/08/2021 13:35,Chesterfield,Gary Delvalle,"Large Flavoured latte - Hazelnut - 2.85, Large Flat white - 2.45",5.3,CARD,4959040306628499
25/08/2021 13:37,Chesterfield,Antonio Stefani,"Regular Flavoured iced latte - Vanilla - 2.75, Large Flavoured iced latte - Vanilla - 3.25",6.0,CASH,
25/08/2021 13:39,Chesterfield,Judith Sanchez,"Large Flavoured iced latte - Hazelnut - 3.25, Large Flavoured iced latte - Vanilla - 3.25, Regular Latte - 2.15, Large Flavoured iced latte - Hazelnut - 3.25, Regular Flavoured iced latte - Caramel - 2.75",14.65,CARD,5126446880019163
25/08/2021 13:41,Chesterfield,Eric Cush,Regular Flavoured latte - Hazelnut - 2.55,2.55,CASH,
25/08/2021 13:43,Chesterfield,John Davis,Regular Latte - 2.15,2.15,CARD,8698518072739848
25/08/2021 13:46,Chesterfield,Patricia Hanson,Large Flavoured iced latte - Vanilla - 3.25,3.25,CASH,
25/08/2021 13:48,Chesterfield,Sandy Layton,"Regular Flavoured iced latte - Vanilla - 2.75, Regular Latte - 2.15, Large Latte - 2.45, Large Latte - 2.45, Large Flavoured latte - Hazelnut - 2.85, Regular Flavoured iced latte - Vanilla - 2.75",15.4,CARD,1476462289196564
25/08/2021 13:50,Chesterfield,Richard Torres,"Regular Flavoured latte - Hazelnut - 2.55, Large Flavoured latte - Hazelnut - 2.85, Regular Flavoured iced latte - Caramel - 2.75",8.15,CARD,4544265923225223
25/08/2021 13:52,Chesterfield,Karen Rucker,"Regular Flavoured iced latte - Caramel - 2.75, Regular Flavoured iced latte - Hazelnut - 2.75, Regular Flavoured iced latte - Vanilla - 2.75, Large Flat white - 2.45, Regular Flavoured iced latte - Hazelnut - 2.75",13.45,CARD,6929140429410029
25/08/2021 13:54,Chesterfield,Patricia Adams,Regular Flavoured iced latte - Vanilla - 2.75,2.75,CARD,4686046880992171
25/08/2021 13:56,Chesterfield,Ashley Woody,"Regular Flat white - 2.15, Regular Flat white - 2.15, Regular Flat white - 2.15, Large Flavoured iced latte - Hazelnut - 3.25",9.7,CARD,5486837673611667
25/08/2021 13:58,Chesterfield,Brenda Sullivan,Large Latte - 2.45,2.45,CARD,5954141110936513
25/08/2021 14:00,Chesterfield,Joshua Hester,"Regular Latte - 2.15, Regular Flavoured iced latte - Vanilla - 2.75",4.9,CARD,3949479149312944
25/08/2021 14:01,Chesterfield,Joe Sullivan,"Regular Flavoured latte - Hazelnut - 2.55, Regular Latte - 2.15, Large Flavoured iced latte - Vanilla - 3.25",7.95,CARD,1819524973774482
25/08/2021 14:03,Chesterfield,Ana Maness,"Regular Flavoured iced latte - Hazelnut - 2.75, Regular Flavoured iced latte - Hazelnut - 2.75, Regular Latte - 2.15, Large Flat white - 2.45",10.1,CARD,6880229834648525
25/08/2021 14:04,Chesterfield,Earl Christopher,"Large Flavoured iced latte - Hazelnut - 3.25, Regular Flavoured latte - Hazelnut - 2.55, Regular Flavoured latte - Hazelnut - 2.55",8.35,CARD,9610068052333345
25/08/2021 14:05,Chesterfield,Karl Spotted,"Regular Latte - 2.15, Regular Flavoured iced latte - Caramel - 2.75, Large Flavoured iced latte - Hazelnut - 3.25, Large Flat white - 2.45, Large Flavoured latte - Hazelnut - 2.85",13.45,CASH,
25/08/2021 14:06,Chesterfield,Charlotte Walker,"Large Latte - 2.45, Large Flavoured iced latte - Hazelnut - 3.25, Regular Flavoured iced latte - Caramel - 2.75, Regular Flavoured iced latte - Vanilla - 2.75",11.2,CARD,2952199494624272
25/08/2021 14:08,Chesterfield,Van Stookey,"Regular Latte - 2.15, Large Flavoured iced latte - Caramel - 3.25",5.4,CASH,
25/08/2021 14:09,Chesterfield,Johnathan Comstock,"Regular Flavoured iced latte - Caramel - 2.75, Regular Flat white - 2.15, Regular Flavoured iced latte - Caramel - 2.75, Regular Flavoured latte - Hazelnut - 2.55, Large Flat white - 2.45",12.65,CASH,
25/08/2021 14:10,Chesterfield,Edna Hall,"Large Flat white - 2.45, Large Flavoured iced latte - Caramel - 3.25",5.7,CARD,6819840820174115
25/08/2021 14:11,Chesterfield,Louise Paige,"Regular Flavoured iced latte - Caramel - 2.75, Regular Flat white - 2.15",4.9,CARD,6352557685087208
25/08/2021 14:13,Chesterfield,John Marquez,"Regular Flavoured iced latte - Caramel - 2.75, Regular Latte - 2.15, Large Flat white - 2.45, Large Flavoured latte - Hazelnut - 2.85",10.2,CARD,9312780405753466
25/08/2021 14:14,Chesterfield,Nicole Jones,Large Flavoured latte - Hazelnut - 2.85,2.85,CASH,
25/08/2021 14:15,Chesterfield,Erick Revering,Large Latte - 2.45,2.45,CASH,
25/08/2021 14:16,Chesterfield,Michael Duckett,"Large Flavoured latte - Hazelnut - 2.85, Large Latte - 2.45",5.3,CARD,2651504592439802
25/08/2021 14:18,Chesterfield,Wanda Lewis,Large Latte - 2.45,2.45,CASH,
25/08/2021 14:19,Chesterfield,Anita Dickson,Regular Flavoured latte - Hazelnut - 2.55,2.55,CARD,9719596464777358
25/08/2021 14:20,Chesterfield,Jason Evans,"Regular Flavoured iced latte - Caramel - 2.75, Large Flavoured iced latte - Hazelnut - 3.25, Regular Flavoured iced latte - Hazelnut - 2.75",8.75,CARD,1073223342216414
25/08/2021 14:22,Chesterfield,Jimmy Casey,"Large Flavoured iced latte - Vanilla - 3.25, Regular Flavoured iced latte - Caramel - 2.75",6.0,CASH,
25/08/2021 14:23,Chesterfield,Brian Mcgowan,"Regular Flavoured iced latte - Caramel - 2.75, Regular Flavoured latte - Hazelnut - 2.55",5.3,CARD,4024571251284256
25/08/2021 14:24,Chesterfield,Hazel Peeler,Large Flavoured iced latte - Hazelnut - 3.25,3.25,CARD,5179091491187608
25/08/2021 14:25,Chesterfield,Mary Crisp,"Large Flavoured iced latte - Hazelnut - 3.25, Regular Flavoured latte - Hazelnut - 2.55, Regular Flavoured iced latte - Vanilla - 2.75, Regular Flavoured iced latte - Hazelnut - 2.75, Regular Flavoured iced latte - Caramel - 2.75",14.05,CARD,3316241918098970
25/08/2021 14:27,Chesterfield,Dale Thomas,"Large Flavoured iced latte - Vanilla - 3.25, Regular Flat white - 2.15, Large Flavoured iced latte - Vanilla - 3.25, Regular Flavoured iced latte - Vanilla - 2.75, Large Flavoured iced latte - Caramel - 3.25, Regular Latte - 2.15",16.8,CASH,
25/08/2021 14:28,Chesterfield,Dorothy Carter,"Regular Latte - 2.15, Regular Latte - 2.15, Large Latte - 2.45",6.75,CARD,1793973543395326
25/08/2021 14:29,Chesterfield,Josephine Villa,"Regular Flat white - 2.15, Regular Flat white - 2.15, Regular Flavoured latte - Hazelnut - 2.55, Regular Flavoured iced latte - Caramel - 2.75",9.6,CARD,1859921596452479
25/08/2021 14:30,Chesterfield,Autumn Cash,"Regular Flavoured iced latte - Vanilla - 2.75, Large Flavoured iced latte - Hazelnut - 3.25, Regular Latte - 2.15",8.15,CARD,6318368714182148
25/08/2021 14:32,Chesterfield,Jennifer Swinford,"Large Flavoured iced latte - Caramel - 3.25, Large Flavoured latte - Hazelnut - 2.85, Regular Flat white - 2.15, Regular Flavoured latte - Hazelnut - 2.55",10.8,CARD,1009230023278707
25/08/2021 14:33,Chesterfield,Dean Jones,Large Flavoured iced latte - Hazelnut - 3.25,3.25,CASH,
25/08/2021 14:34,Chesterfield,Albert Darden,"Regular Flavoured iced latte - Caramel - 2.75, Large Flavoured latte - Hazelnut - 2.85, Large Latte - 2.45, Large Flavoured latte - Hazelnut - 2.85",10.9,CARD,9958655563016415
25/08/2021 14:35,Chesterfield,Thaddeus Boudreaux,Regular Flavoured iced latte - Vanilla - 2.75,2.75,CARD,5052540827718020
25/08/2021 14:37,Chesterfield,Therese Eisner,"Large Flavoured iced latte - Hazelnut - 3.25, Large Flavoured iced latte - Vanilla - 3.25",6.5,CARD,4433798196723078
25/08/2021 14:38,Chesterfield,Carl Fritz,Large Flavoured iced latte - Hazelnut - 3.25,3.25,CARD,9770569507386666
25/08/2021 14:39,Chesterfield,Beth Barnes,Regular Flat white - 2.15,2.15,CASH,
25/08/2021 14:41,Chesterfield,Drew Montagna,"Large Latte - 2.45, Large Flavoured iced latte - Vanilla - 3.25, Regular Flavoured latte - Hazelnut - 2.55",8.25,CARD,3693169676666144
25/08/2021 14:42,Chesterfield,Marjorie Meeker,"Large Flavoured iced latte - Hazelnut - 3.25, Large Flat white - 2.45, Regular Flavoured latte - Hazelnut - 2.55",8.25,CARD,8433225683181549
25/08/2021 14:43,Chesterfield,Taylor Fuller,Large Latte - 2.45,2.45,CASH,
25/08/2021 14:44,Chesterfield,Mae Harper,"Regular Flavoured iced latte - Vanilla - 2.75, Regular Flat white - 2.15, Large Flavoured iced latte - Caramel - 3.25, Large Flavoured iced latte - Hazelnut - 3.25",11.4,CASH,
25/08/2021 14:46,Chesterfield,Ashley Eggert,Regular Flavoured iced latte - Caramel - 2.75,2.75,CARD,9429762214090398
25/08/2021 14:47,Chesterfield,Stephanie Segovia,"Regular Latte - 2.15, Large Flavoured latte - Hazelnut - 2.85, Large Flavoured iced latte - Caramel - 3.25, Regular Flat white - 2.15, Regular Latte - 2.15, Large Flavoured iced latte - Vanilla - 3.25",15.8,CARD,8095371397608553
25/08/2021 14:48,Chesterfield,Norris Guzzi,"Large Latte - 2.45, Regular Flavoured iced latte - Caramel - 2.75",5.2,CARD,9751416431984450
25/08/2021 14:49,Chesterfield,Kathie Williams,"Regular Flavoured iced latte - Vanilla - 2.75, Regular Flavoured latte - Hazelnut - 2.55, Large Flavoured iced latte - Vanilla - 3.25",8.55,CASH,
25/08/2021 14:51,Chesterfield,Paula Peterson,Large Flavoured iced latte - Caramel - 3.25,3.25,CARD,3293401476889029
25/08/2021 14:52,Chesterfield,Mary Fernandez,Regular Flavoured latte - Hazelnut - 2.55,2.55,CARD,5146128559963230
25/08/2021 14:53,Chesterfield,Chad Cherry,"Regular Flavoured iced latte - Caramel - 2.75, Regular Flavoured iced latte - Vanilla - 2.75, Large Flavoured iced latte - Caramel - 3.25, Regular Flavoured iced latte - Hazelnut - 2.75",11.5,CARD,6287502921856251
25/08/2021 14:54,Chesterfield,Dan Little,"Regular Flavoured iced latte - Caramel - 2.75, Large Flat white - 2.45",5.2,CARD,1352349738225102
25/08/2021 14:56,Chesterfield,Reina Lay,Regular Flavoured iced latte - Caramel - 2.75,2.75,CARD,6042810272412114
25/08/2021 14:57,Chesterfield,Opal Ruot,"Regular Flavoured latte - Hazelnut - 2.55, Regular Flavoured iced latte - Hazelnut - 2.75",5.3,CARD,6593022194891160
25/08/2021 14:58,Chesterfield,Gerald Hopkins,"Regular Flavoured iced latte - Hazelnut - 2.75, Regular Flat white - 2.15, Large Flavoured iced latte - Caramel - 3.25, Regular Flavoured iced latte - Caramel - 2.75, Regular Flat white - 2.15",13.05,CARD,8905592350961486
25/08/2021 15:00,Chesterfield,Sheila Amodeo,"Regular Flavoured iced latte - Caramel - 2.75, Large Flat white - 2.45, Large Flat white - 2.45, Regular Flavoured latte - Hazelnut - 2.55, Regular Latte - 2.15",12.35,CARD,9916365967206726
25/08/2021 15:01,Chesterfield,Mary Archibald,"Large Latte - 2.45, Regular Flavoured latte - Hazelnut - 2.55, Large Flavoured iced latte - Hazelnut - 3.25, Regular Flat white - 2.15, Regular Flavoured iced latte - Vanilla - 2.75",13.15,CARD,8129252160212416
25/08/2021 15:02,Chesterfield,Bonita Volker,Large Flat white - 2.45,2.45,CARD,1816590855648066
25/08/2021 15:03,Chesterfield,Harry Mitchell,"Regular Latte - 2.15, Regular Latte - 2.15, Large Flavoured iced latte - Caramel - 3.25, Large Flavoured iced latte - Hazelnut - 3.25",10.8,CARD,7257001079471030
25/08/2021 15:05,Chesterfield,Robert Tryon,"Regular Flavoured iced latte - Vanilla - 2.75, Large Flavoured latte - Hazelnut - 2.85, Regular Flavoured iced latte - Vanilla - 2.75, Regular Flat white - 2.15",10.5,CARD,7309086322186822
25/08/2021 15:06,Chesterfield,Shirley Scott,"Large Flavoured latte - Hazelnut - 2.85, Large Flavoured iced latte - Hazelnut - 3.25",6.1,CARD,5483625217453471
25/08/2021 15:07,Chesterfield,Robert Padilla,Regular Latte - 2.15,2.15,CARD,3329284779877237
25/08/2021 15:08,Chesterfield,Esteban Sylvestre,"Large Flavoured latte - Hazelnut - 2.85, Large Latte - 2.45, Large Flavoured iced latte - Caramel - 3.25",8.55,CARD,9759871618161926
25/08/2021 15:10,Chesterfield,Sonia Rubino,"Regular Flavoured latte - Hazelnut - 2.55, Regular Flat white - 2.15, Regular Flat white - 2.15, Large Flat white - 2.45",9.3,CARD,3479705858587519
25/08/2021 15:11,Chesterfield,Manuel Gonzales,"Large Flavoured latte - Hazelnut - 2.85, Large Flavoured latte - Hazelnut - 2.85",5.7,CARD,4257205771607651
25/08/2021 15:12,Chesterfield,Elizabeth Obrien,"Regular Latte - 2.15, Regular Flat white - 2.15, Regular Flavoured iced latte - Hazelnut - 2.75",7.05,CARD,8921315672297535
25/08/2021 15:13,Chesterfield,Rochelle Bischoff,Large Flavoured latte - Hazelnut - 2.85,2.85,CASH,
25/08/2021 15:15,Chesterfield,Thomas Stough,"Large Flavoured iced latte - Vanilla - 3.25, Large Flavoured iced latte - Vanilla - 3.25, Large Flat white - 2.45, Regular Flavoured latte - Hazelnut - 2.55, Large Flavoured latte - Hazelnut - 2.85",14.35,CARD,4066509794676806
25/08/2021 15:16,Chesterfield,Timothy Reed,"Regular Flat white - 2.15, Large Flat white - 2.45",4.6,CARD,6185833783865599
25/08/2021 15:17,Chesterfield,Donald Shofner,Large Latte - 2.45,2.45,CARD,2967681504918770
25/08/2021 15:18,Chesterfield,Linda Nielsen,"Regular Flavoured iced latte - Caramel - 2.75, Large Latte - 2.45, Regular Flavoured iced latte - Caramel - 2.75, Regular Flavoured iced latte - Caramel - 2.75",10.7,CARD,3328989720717590
25/08/2021 15:20,Chesterfield,Sarah Martin,"Regular Flavoured iced latte - Vanilla - 2.75, Large Flat white - 2.45, Regular Latte - 2.15",7.35,CARD,6256072596696194
25/08/2021 15:21,Chesterfield,Lisa Moore,"Regular Flavoured latte - Hazelnut - 2.55, Large Flat white - 2.45, Regular Flat white - 2.15, Regular Flavoured iced latte - Vanilla - 2.75",9.9,CASH,
25/08/2021 15:22,Chesterfield,Susan Whiting,"Large Latte - 2.45, Regular Flavoured iced latte - Hazelnut - 2.75, Large Flavoured latte - Hazelnut - 2.85, Regular Flat white - 2.15",10.2,CASH,
25/08/2021 15:23,Chesterfield,Renee Hutchinson,"Regular Flavoured iced latte - Hazelnut - 2.75, Large Flavoured iced latte - Caramel - 3.25, Regular Flavoured iced latte - Vanilla - 2.75, Regular Flat white - 2.15, Large Flat white - 2.45",13.35,CASH,
25/08/2021 15:25,Chesterfield,Jeffrey Williams,"Regular Flavoured iced latte - Vanilla - 2.75, Large Flavoured latte - Hazelnut - 2.85",5.6,CASH,
25/08/2021 15:26,Chesterfield,April Herrera,"Large Flat white - 2.45, Regular Flavoured latte - Hazelnut - 2.55, Large Flavoured iced latte - Caramel - 3.25, Regular Latte - 2.15",10.4,CASH,
25/08/2021 15:27,Chesterfield,Raphael Williams,"Regular Flavoured iced latte - Caramel - 2.75, Regular Latte - 2.15",4.9,CASH,
25/08/2021 15:28,Chesterfield,Cody Edwards,Regular Flavoured iced latte - Caramel - 2.75,2.75,CARD,7619176177966654
25/08/2021 15:30,Chesterfield,Clyde Boyer,"Large Flat white - 2.45, Large Flat white - 2.45",4.9,CASH,
25/08/2021 15:31,Chesterfield,Mary Walsh,Large Flavoured iced latte - Hazelnut - 3.25,3.25,CARD,5311348059427241
25/08/2021 15:32,Chesterfield,Keith Clary,"Regular Flat white - 2.15, Large Flavoured iced latte - Vanilla - 3.25, Large Flat white - 2.45, Large Flavoured iced latte - Vanilla - 3.25, Regular Flat white - 2.15",13.25,CARD,5651674217908357
25/08/2021 15:33,Chesterfield,Fernando Sandlin,"Large Flat white - 2.45, Regular Latte - 2.15",4.6,CASH,
25/08/2021 15:35,Chesterfield,Kathrine Romero,Large Flavoured iced latte - Hazelnut - 3.25,3.25,CARD,5773095865819656
25/08/2021 15:36,Chesterfield,Shelli Wagner,"Regular Flavoured iced latte - Hazelnut - 2.75, Large Latte - 2.45, Large Flat white - 2.45",7.65,CARD,2708767320540841
25/08/2021 15:37,Chesterfield,Myrtle Padilla,"Regular Flavoured latte - Hazelnut - 2.55, Regular Latte - 2.15, Regular Latte - 2.15, Large Flavoured iced latte - Caramel - 3.25",10.1,CARD,2160581127228979
25/08/2021 15:38,Chesterfield,Loretta Trujillo,"Large Flavoured iced latte - Hazelnut - 3.25, Large Flavoured iced latte - Vanilla - 3.25, Regular Flavoured iced latte - Vanilla - 2.75",9.25,CARD,4166981901512539
25/08/2021 15:40,Chesterfield,Timothy Hills,"Regular Flavoured iced latte - Caramel - 2.75, Regular Flavoured iced latte - Caramel - 2.75, Large Flavoured iced latte - Vanilla - 3.25",8.75,CARD,4133123739498328
25/08/2021 15:41,Chesterfield,Lorraine Pelletier,Large Flavoured iced latte - Vanilla - 3.25,3.25,CARD,3544412429460796
25/08/2021 15:42,Chesterfield,Melanie Roblez,"Large Flat white - 2.45, Large Flavoured latte - Hazelnut - 2.85",5.3,CASH,
25/08/2021 15:43,Chesterfield,Emile Clay,"Regular Flavoured iced latte - Caramel - 2.75, Regular Latte - 2.15",4.9,CARD,3295736052238490
25/08/2021 15:45,Chesterfield,John Mcintosh,"Regular Flat white - 2.15, Regular Flavoured latte - Hazelnut - 2.55, Regular Flavoured iced latte - Caramel - 2.75",7.45,CARD,7861936537212986
25/08/2021 15:46,Chesterfield,Jan Worstell,"Large Flavoured iced latte - Hazelnut - 3.25, Regular Flavoured latte - Hazelnut - 2.55",5.8,CASH,
25/08/2021 15:47,Chesterfield,Robert Derby,"Large Flavoured iced latte - Hazelnut - 3.25, Regular Flavoured iced latte - Hazelnut - 2.75",6.0,CARD,3399250740276512
25/08/2021 15:48,Chesterfield,Katherine Keeley,"Regular Flavoured iced latte - Vanilla - 2.75, Regular Flavoured latte - Hazelnut - 2.55, Regular Flavoured iced latte - Caramel - 2.75, Regular Latte - 2.15, Large Latte - 2.45",12.65,CASH,
25/08/2021 15:50,Chesterfield,Judith Moya,"Large Flavoured iced latte - Caramel - 3.25, Large Flavoured iced latte - Caramel - 3.25, Large Flavoured iced latte - Vanilla - 3.25",9.75,CARD,4030827995696687
25/08/2021 15:51,Chesterfield,Brandon Frazier,"Large Flavoured iced latte - Hazelnut - 3.25, Large Flavoured iced latte - Vanilla - 3.25",6.5,CASH,
25/08/2021 15:52,Chesterfield,Guadalupe Pickell,"Large Flat white - 2.45, Large Flavoured iced latte - Vanilla - 3.25",5.7,CARD,8016440730194678
25/08/2021 15:53,Chesterfield,Michelle Rymer,"Regular Latte - 2.15, Regular Flavoured iced latte - Hazelnut - 2.75",4.9,CARD,9347623203834282
25/08/2021 15:55,Chesterfield,Virginia Hanley,"Regular Flavoured iced latte - Hazelnut - 2.75, Regular Latte - 2.15",4.9,CARD,4913775697418896
25/08/2021 15:56,Chesterfield,Lucile Lucas,"Regular Flavoured iced latte - Vanilla - 2.75, Large Flavoured iced latte - Caramel - 3.25, Regular Flavoured iced latte - Vanilla - 2.75, Regular Flavoured iced latte - Hazelnut - 2.75, Large Flavoured iced latte - Vanilla - 3.25, Regular Flavoured iced latte - Hazelnut - 2.75",17.5,CASH,
25/08/2021 15:57,Chesterfield,Bryant Gianotti,Regular Flavoured iced latte - Vanilla - 2.75,2.75,CASH,
25/08/2021 15:58,Chesterfield,Charles Bak,"Regular Flavoured iced latte - Hazelnut - 2.75, Regular Flavoured iced latte - Vanilla - 2.75",5.5,CARD,1000481120219815
25/08/2021 16:00,Chesterfield,Audrey Ramesh,"Large Flavoured iced latte - Caramel - 3.25, Large Latte - 2.45, Large Flavoured iced latte - Caramel - 3.25",8.95,CARD,7469164167114942
25/08/2021 16:03,Chesterfield,Arthur Young,"Regular Flavoured iced latte - Hazelnut - 2.75, Large Flavoured latte - Hazelnut - 2.85",5.6,CARD,5428125583352008
25/08/2021 16:07,Chesterfield,Donna Kimmes,"Regular Flat white - 2.15, Large Flavoured iced latte - Caramel - 3.25, Regular Flavoured latte - Hazelnut - 2.55, Regular Flavoured latte - Hazelnut - 2.55",10.5,CASH,
25/08/2021 16:10,Chesterfield,Russell Lamison,Regular Flavoured iced latte - Hazelnut - 2.75,2.75,CARD,6558648227687285
25/08/2021 16:14,Chesterfield,Lisa Fawver,"Regular Flavoured latte - Hazelnut - 2.55, Regular Flavoured latte - Hazelnut - 2.55, Large Flat white - 2.45, Regular Flavoured iced latte - Vanilla - 2.75, Large Flavoured iced latte - Hazelnut - 3.25",13.55,CARD,6675931865481392
25/08/2021 16:17,Chesterfield,Shanice Robinson,Regular Flavoured iced latte - Hazelnut - 2.75,2.75,CARD,5687487364476689
25/08/2021 16:21,Chesterfield,Tim Kaufman,Large Flat white - 2.45,2.45,CARD,9690045983888206
25/08/2021 16:24,Chesterfield,Gary Zadow,"Large Flat white - 2.45, Large Flavoured latte - Hazelnut - 2.85",5.3,CARD,2929099837150150
25/08/2021 16:28,Chesterfield,Ronald Holderfield,"Large Latte - 2.45, Large Latte - 2.45, Regular Flavoured latte - Hazelnut - 2.55, Regular Flavoured latte - Hazelnut - 2.55",10.0,CARD,3882329164649719
25/08/2021 16:31,Chesterfield,Billy Ochs,"Regular Flavoured iced latte - Caramel - 2.75, Regular Flavoured iced latte - Hazelnut - 2.75, Large Flavoured iced latte - Hazelnut - 3.25, Regular Flavoured latte - Hazelnut - 2.55",11.3,CASH,
25/08/2021 16:35,Chesterfield,Jason Williams,"Large Flavoured iced latte - Vanilla - 3.25, Regular Flavoured iced latte - Caramel - 2.75, Regular Flavoured iced latte - Caramel - 2.75, Large Flavoured iced latte - Vanilla - 3.25, Large Flavoured latte - Hazelnut - 2.85, Large Latte - 2.45",17.3,CARD,1887989906839148
25/08/2021 16:38,Chesterfield,Mark Villalpando,"Large Flavoured iced latte - Hazelnut - 3.25, Large Flavoured iced latte - Hazelnut - 3.25, Large Flavoured latte - Hazelnut - 2.85",9.35,CARD,3158984406605893
25/08/2021 16:42,Chesterfield,Nicholas Colucci,"Regular Flavoured iced latte - Hazelnut - 2.75, Regular Flavoured iced latte - Hazelnut - 2.75, Regular Flavoured iced latte - Vanilla - 2.75, Regular Flavoured latte - Hazelnut - 2.55",10.8,CARD,8705633591437543
25/08/2021 16:45,Chesterfield,Juan Bender,"Large Flavoured iced latte - Vanilla - 3.25, Large Latte - 2.45, Large Flavoured iced latte - Vanilla - 3.25, Large Flavoured iced latte - Caramel - 3.25, Regular Latte - 2.15",14.35,CARD,5986749298900138
25/08/2021 16:49,Chesterfield,Jose Hajduk,"Large Flavoured latte - Hazelnut - 2.85, Large Flavoured iced latte - Vanilla - 3.25",6.1,CASH,
25/08/2021 16:52,Chesterfield,Sharon Campanelli,"Large Flavoured iced latte - Hazelnut - 3.25, Regular Flavoured iced latte - Caramel - 2.75, Regular Flavoured latte - Hazelnut - 2.55, Regular Flat white - 2.15",10.7,CASH,
25/08/2021 16:56,Chesterfield,Henry Frew,Regular Flavoured latte - Hazelnut - 2.55,2.55,CASH,
25/08/2021 16:59,Chesterfield,David Ornelas,Large Flat white - 2.45,2.45,CASH,
